r,region_name,t,tech_name,category,y,new_GW,prior_stock_GW,multiplier,threshold_GW,absolute_flag,stock_flag
R1,Indonesia,S26I,Biomass Imports,Biomass,2035,586.4824946216902,0.64066371650212,915.4295451968982,5.0,True,True
R1,Indonesia,S26D,Biomass Domestic Production,Biomass,2030,500.7500023983917,0.1763243185379545,2839.9372619188844,5.0,True,True
R17,Malaysia,S59I,Gasoline Imports,Gas,2055,453.4891478241178,36.30522684525515,12.491015405496244,15.0,True,True
R11,Thailand,S26I,Biomass Imports,Biomass,2060,180.10464061446729,17.77135588235294,10.134546953353865,5.0,True,True
R11,Thailand,S26D,Biomass Domestic Production,Biomass,2040,140.37418683386466,10.73097041085464,13.081220193457314,5.0,True,True
R14,Vietnam,S26I,Biomass Imports,Biomass,2040,131.73580962838838,2.1754203799329965,60.556484090879884,5.0,True,True
R14,Vietnam,P2653,LNG,Unclassified,2035,24.56048533066005,1.345520877340571,18.25351486125134,20.0,True,True
R13,Laos,S26D,Biomass Domestic Production,Biomass,2030,11.495527417234848,1.0642697367964893,10.801328854691501,5.0,True,True
R12,Myanmar,S26I,Biomass Imports,Biomass,2060,7.742012563370895,0.060352415865704584,128.28007714883066,5.0,True,True
R12,Myanmar,S26D,Biomass Domestic Production,Biomass,2040,7.2511075355779875,1.092141370249035,6.639348836245034,5.0,True,True
R6,Cambodia,S26I,Biomass Imports,Biomass,2030,5.7110350827485545,0.056326731633091244,101.39120302505522,5.0,True,True
R12,Myanmar,S26I,Biomass Imports,Biomass,2030,5.591899996779592,0.027392222353427243,204.14188832984368,5.0,True,True
R12,Myanmar,S26I,Biomass Imports,Biomass,2045,5.502038931592658,0.0594258725690526,92.58659054941621,5.0,True,True
R16,Singapore,S16I,Diesel Imports,Unclassified,2055,1000000000032.95,1000000000025.2968,1.0000000000076532,20.0,True,False
R16,Singapore,S16I,Diesel Imports,Unclassified,2025,1000000000027.3561,0.0,inf,20.0,True,False
R16,Singapore,S16I,Diesel Imports,Unclassified,2030,1000000000027.0289,1000000000027.3561,0.9999999999996728,20.0,True,False
R16,Singapore,S16I,Diesel Imports,Unclassified,2035,1000000000026.6578,1000000000027.0289,0.9999999999996289,20.0,True,False
R16,Singapore,S16I,Diesel Imports,Unclassified,2040,1000000000026.2052,1000000000026.6578,0.9999999999995474,20.0,True,False
R16,Singapore,S16I,Diesel Imports,Unclassified,2045,1000000000025.7894,1000000000026.2052,0.9999999999995842,20.0,True,False
R16,Singapore,S16I,Diesel Imports,Unclassified,2050,1000000000025.2968,1000000000025.7894,0.9999999999995073,20.0,True,False
R16,Singapore,S16I,Diesel Imports,Unclassified,2060,1000000000024.17,1000000000032.95,0.9999999999912201,20.0,True,False
R6,Cambodia,S16I,Diesel Imports,Unclassified,2060,1000000000001.0565,1000000000000.9147,1.0000000000001419,20.0,True,False
R6,Cambodia,S16I,Diesel Imports,Unclassified,2055,1000000000000.9147,1000000000000.8062,1.0000000000001086,20.0,True,False
R6,Cambodia,S16I,Diesel Imports,Unclassified,2050,1000000000000.8062,1000000000000.714,1.0000000000000921,20.0,True,False
R6,Cambodia,S16I,Diesel Imports,Unclassified,2045,1000000000000.714,1000000000000.6278,1.0000000000000862,20.0,True,False
R6,Cambodia,S16I,Diesel Imports,Unclassified,2040,1000000000000.6278,1000000000000.5507,1.000000000000077,20.0,True,False
R15,Brunei,S16I,Diesel Imports,Unclassified,2030,1000000000000.5667,1000000000000.5405,1.0000000000000262,20.0,True,False
R15,Brunei,S16I,Diesel Imports,Unclassified,2045,1000000000000.5593,1000000000000.5363,1.000000000000023,20.0,True,False
R15,Brunei,S16I,Diesel Imports,Unclassified,2035,1000000000000.5522,1000000000000.5667,0.9999999999999856,20.0,True,False
R6,Cambodia,S16I,Diesel Imports,Unclassified,2035,1000000000000.5507,1000000000000.4845,1.0000000000000662,20.0,True,False
R15,Brunei,S16I,Diesel Imports,Unclassified,2050,1000000000000.5452,1000000000000.5593,0.9999999999999858,20.0,True,False
R15,Brunei,S16I,Diesel Imports,Unclassified,2025,1000000000000.5405,0.0,inf,20.0,True,False
R15,Brunei,S16I,Diesel Imports,Unclassified,2040,1000000000000.5363,1000000000000.5522,0.999999999999984,20.0,True,False
R15,Brunei,S16I,Diesel Imports,Unclassified,2055,1000000000000.5319,1000000000000.5452,0.9999999999999867,20.0,True,False
R15,Brunei,S16I,Diesel Imports,Unclassified,2060,1000000000000.5308,1000000000000.5319,0.9999999999999989,20.0,True,False
R6,Cambodia,S16I,Diesel Imports,Unclassified,2030,1000000000000.4845,1000000000000.4467,1.0000000000000377,20.0,True,False
R6,Cambodia,S16I,Diesel Imports,Unclassified,2025,1000000000000.4467,0.0,inf,20.0,True,False
R12,Myanmar,S16I,Diesel Imports,Unclassified,2060,1000000000000.1586,1000000000000.1372,1.0000000000000213,20.0,True,False
R12,Myanmar,S16I,Diesel Imports,Unclassified,2050,1000000000000.1416,1000000000000.1276,1.000000000000014,20.0,True,False
R12,Myanmar,S16I,Diesel Imports,Unclassified,2055,1000000000000.1372,1000000000000.1416,0.9999999999999956,20.0,True,False
R12,Myanmar,S16I,Diesel Imports,Unclassified,2040,1000000000000.1276,1000000000000.0991,1.0000000000000284,20.0,True,False
R12,Myanmar,S16I,Diesel Imports,Unclassified,2045,1000000000000.1276,1000000000000.1276,1.0,20.0,True,False
R12,Myanmar,S16I,Diesel Imports,Unclassified,2035,1000000000000.0991,1000000000000.0714,1.0000000000000278,20.0,True,False
R12,Myanmar,S16I,Diesel Imports,Unclassified,2030,1000000000000.0714,1000000000000.0708,1.0000000000000007,20.0,True,False
R12,Myanmar,S16I,Diesel Imports,Unclassified,2025,1000000000000.0708,0.0,inf,20.0,True,False
R20,Timor Leste,S16I,Diesel Imports,Unclassified,2025,1000000000000.0001,0.0,inf,20.0,True,False
R20,Timor Leste,S16I,Diesel Imports,Unclassified,2030,1000000000000.0001,1000000000000.0001,1.0,20.0,True,False
R20,Timor Leste,S16I,Diesel Imports,Unclassified,2035,1000000000000.0001,1000000000000.0001,1.0,20.0,True,False
R20,Timor Leste,S16I,Diesel Imports,Unclassified,2040,1000000000000.0001,1000000000000.0001,1.0,20.0,True,False
R20,Timor Leste,S16I,Diesel Imports,Unclassified,2045,1000000000000.0001,1000000000000.0001,1.0,20.0,True,False
R20,Timor Leste,S16I,Diesel Imports,Unclassified,2050,1000000000000.0001,1000000000000.0001,1.0,20.0,True,False
R20,Timor Leste,S16I,Diesel Imports,Unclassified,2055,1000000000000.0001,1000000000000.0001,1.0,20.0,True,False
R20,Timor Leste,S16I,Diesel Imports,Unclassified,2060,1000000000000.0001,1000000000000.0001,1.0,20.0,True,False
R11,Thailand,S73I,Crude Oil Imports,Unclassified,2025,2999.295872851863,0.0,inf,20.0,True,False
R11,Thailand,S73I,Crude Oil Imports,Unclassified,2030,2999.295872851863,2999.295872851863,1.0,20.0,True,False
R16,Singapore,S73I,Crude Oil Imports,Unclassified,2025,2179.472273749635,0.0,inf,20.0,True,False
R16,Singapore,S73I,Crude Oil Imports,Unclassified,2030,2069.3692739906446,2179.472273749635,0.9494818075526303,20.0,True,False
R11,Thailand,S73I,Crude Oil Imports,Unclassified,2055,2036.7950530265375,1445.993540257479,1.408578251783793,20.0,True,False
R11,Thailand,S73I,Crude Oil Imports,Unclassified,2060,2036.7950530265375,2036.7950530265375,1.0,20.0,True,False
R16,Singapore,S73I,Crude Oil Imports,Unclassified,2035,1937.1782560661234,2069.3692739906446,0.9361201407665634,20.0,True,False
R16,Singapore,S73I,Crude Oil Imports,Unclassified,2040,1794.4119645109538,1937.1782560661234,0.926301933697579,20.0,True,False
R16,Singapore,S73I,Crude Oil Imports,Unclassified,2045,1648.1205736171173,1794.4119645109538,0.9184739102351525,20.0,True,False
R17,Malaysia,S78I,Coal Unspecified Imports,Coal,2025,1640.073241830065,0.0,inf,15.0,True,False
R17,Malaysia,S78I,Coal Unspecified Imports,Coal,2030,1640.073241830065,1640.073241830065,1.0,15.0,True,False
R17,Malaysia,S78I,Coal Unspecified Imports,Coal,2035,1640.073241830065,1640.073241830065,1.0,15.0,True,False
R17,Malaysia,S78I,Coal Unspecified Imports,Coal,2040,1640.073241830065,1640.073241830065,1.0,15.0,True,False
R17,Malaysia,S78I,Coal Unspecified Imports,Coal,2045,1640.073241830065,1640.073241830065,1.0,15.0,True,False
R17,Malaysia,S78I,Coal Unspecified Imports,Coal,2050,1640.073241830065,1640.073241830065,1.0,15.0,True,False
R17,Malaysia,S78I,Coal Unspecified Imports,Coal,2055,1640.073241830065,1640.073241830065,1.0,15.0,True,False
R17,Malaysia,S78I,Coal Unspecified Imports,Coal,2060,1640.073241830065,1640.073241830065,1.0,15.0,True,False
R16,Singapore,S73I,Crude Oil Imports,Unclassified,2050,1491.253896899939,1648.1205736171173,0.9048208734067895,20.0,True,False
R11,Thailand,S73I,Crude Oil Imports,Unclassified,2035,1445.993540257479,2999.295872851863,0.4821110025676008,20.0,True,False
R11,Thailand,S73I,Crude Oil Imports,Unclassified,2040,1445.993540257479,1445.993540257479,1.0,20.0,True,False
R11,Thailand,S73I,Crude Oil Imports,Unclassified,2045,1445.993540257479,1445.993540257479,1.0,20.0,True,False
R11,Thailand,S73I,Crude Oil Imports,Unclassified,2050,1445.993540257479,1445.993540257479,1.0,20.0,True,False
R1,Indonesia,S26I,Biomass Imports,Biomass,2055,1322.5269047890774,1167.0212708419538,1.133250042507737,5.0,True,False
R19,Philippines,S75I,Coal Sub bituminous Imports,Coal,2025,1311.7530209150323,0.0,inf,15.0,True,False
R19,Philippines,S75I,Coal Sub bituminous Imports,Coal,2030,1311.7530209150323,1311.7530209150323,1.0,15.0,True,False
R19,Philippines,S75I,Coal Sub bituminous Imports,Coal,2035,1311.7530209150323,1311.7530209150323,1.0,15.0,True,False
R19,Philippines,S75I,Coal Sub bituminous Imports,Coal,2040,1311.7530209150323,1311.7530209150323,1.0,15.0,True,False
R19,Philippines,S75I,Coal Sub bituminous Imports,Coal,2045,1311.7530209150323,1311.7530209150323,1.0,15.0,True,False
R19,Philippines,S75I,Coal Sub bituminous Imports,Coal,2050,1311.7530209150323,1311.7530209150323,1.0,15.0,True,False
R19,Philippines,S75I,Coal Sub bituminous Imports,Coal,2055,1311.7530209150323,1311.7530209150323,1.0,15.0,True,False
R19,Philippines,S75I,Coal Sub bituminous Imports,Coal,2060,1311.7530209150323,1311.7530209150323,1.0,15.0,True,False
R14,Vietnam,S76I,Coal Anthracite Imports,Coal,2040,1293.8539290048802,889.3845214236926,1.4547745073567602,15.0,True,False
R14,Vietnam,S76I,Coal Anthracite Imports,Coal,2050,1293.8539290048802,934.0474077185194,1.3852122690059332,15.0,True,False
R16,Singapore,S73I,Crude Oil Imports,Unclassified,2055,1279.5772021226367,1491.253896899939,0.8580545571633764,20.0,True,False
R14,Vietnam,S76I,Coal Anthracite Imports,Coal,2030,1177.5848582124866,908.5417410201387,1.2961263143400081,15.0,True,False
R1,Indonesia,S26I,Biomass Imports,Biomass,2050,1167.0212708419538,704.1382996669993,1.6573750801424392,5.0,True,False
R16,Singapore,S73I,Crude Oil Imports,Unclassified,2060,1133.5816844408128,1279.5772021226367,0.8859033144388333,20.0,True,False
R1,Indonesia,S26I,Biomass Imports,Biomass,2060,1027.7549516619927,1322.5269047890774,0.7771145887016216,5.0,True,False
R14,Vietnam,S76I,Coal Anthracite Imports,Coal,2045,934.0474077185194,1293.8539290048802,0.7219110185312088,15.0,True,False
R14,Vietnam,S76I,Coal Anthracite Imports,Coal,2055,934.0474077185194,1293.8539290048802,0.7219110185312088,15.0,True,False
R14,Vietnam,S76I,Coal Anthracite Imports,Coal,2060,934.0474077185194,934.0474077185194,1.0,15.0,True,False
R1,Indonesia,S73I,Crude Oil Imports,Unclassified,2035,927.9402854572949,927.9402854572947,1.0000000000000002,20.0,True,False
R1,Indonesia,S73I,Crude Oil Imports,Unclassified,2025,927.9402854572947,0.0,inf,20.0,True,False
R1,Indonesia,S73I,Crude Oil Imports,Unclassified,2030,927.9402854572947,927.9402854572947,1.0,20.0,True,False
R1,Indonesia,S73I,Crude Oil Imports,Unclassified,2040,927.9402854572947,927.9402854572949,0.9999999999999999,20.0,True,False
R1,Indonesia,S73I,Crude Oil Imports,Unclassified,2045,927.9402854572947,927.9402854572947,1.0,20.0,True,False
R1,Indonesia,S73I,Crude Oil Imports,Unclassified,2050,927.9402854572947,927.9402854572947,1.0,20.0,True,False
R1,Indonesia,S73I,Crude Oil Imports,Unclassified,2055,927.9402854572947,927.9402854572947,1.0,20.0,True,False
R1,Indonesia,S73I,Crude Oil Imports,Unclassified,2060,927.9402854572947,927.9402854572947,1.0,20.0,True,False
R14,Vietnam,S76I,Coal Anthracite Imports,Coal,2025,908.5417410201387,0.0,inf,15.0,True,False
R14,Vietnam,S76I,Coal Anthracite Imports,Coal,2035,889.3845214236926,1177.5848582124866,0.7552615127658254,15.0,True,False
R17,Malaysia,S59I,Gasoline Imports,Gas,2060,735.209105608753,453.4891478241178,1.621227562194935,15.0,True,False
R1,Indonesia,S26I,Biomass Imports,Biomass,2045,704.1382996669993,557.7634151182228,1.262431849385014,5.0,True,False
R16,Singapore,S72I,Natural Gas Imports,Gas,2055,703.8012645786134,222.65239870847236,3.1609866709773398,15.0,True,False
R16,Singapore,S72I,Natural Gas Imports,Gas,2060,703.8012645786134,703.8012645786134,1.0,15.0,True,False
R14,Vietnam,S73I,Crude Oil Imports,Unclassified,2030,595.813391597279,595.8133915972788,1.0000000000000002,20.0,True,False
R14,Vietnam,S73I,Crude Oil Imports,Unclassified,2035,595.813391597279,595.813391597279,1.0,20.0,True,False
R14,Vietnam,S73I,Crude Oil Imports,Unclassified,2040,595.813391597279,595.813391597279,1.0,20.0,True,False
R14,Vietnam,S73I,Crude Oil Imports,Unclassified,2050,595.813391597279,595.8133915972788,1.0000000000000002,20.0,True,False
R14,Vietnam,S73I,Crude Oil Imports,Unclassified,2025,595.8133915972788,0.0,inf,20.0,True,False
R14,Vietnam,S73I,Crude Oil Imports,Unclassified,2045,595.8133915972788,595.813391597279,0.9999999999999998,20.0,True,False
R14,Vietnam,S73I,Crude Oil Imports,Unclassified,2055,595.8133915972787,595.813391597279,0.9999999999999997,20.0,True,False
R14,Vietnam,S73I,Crude Oil Imports,Unclassified,2060,595.8133915972787,595.8133915972787,1.0,20.0,True,False
R1,Indonesia,S26I,Biomass Imports,Biomass,2040,557.7634151182228,586.4824946216902,0.9510316509583248,5.0,True,False
R1,Indonesia,S75I,Coal Sub bituminous Imports,Coal,2025,447.56496732026136,0.0,inf,15.0,True,False
R1,Indonesia,S75I,Coal Sub bituminous Imports,Coal,2030,447.56496732026136,447.56496732026136,1.0,15.0,True,False
R1,Indonesia,S75I,Coal Sub bituminous Imports,Coal,2035,447.56496732026136,447.56496732026136,1.0,15.0,True,False
R1,Indonesia,S75I,Coal Sub bituminous Imports,Coal,2040,447.56496732026136,447.56496732026136,1.0,15.0,True,False
R1,Indonesia,S75I,Coal Sub bituminous Imports,Coal,2045,447.56496732026136,447.56496732026136,1.0,15.0,True,False
R1,Indonesia,S75I,Coal Sub bituminous Imports,Coal,2050,447.56496732026136,447.56496732026136,1.0,15.0,True,False
R1,Indonesia,S75I,Coal Sub bituminous Imports,Coal,2055,447.56496732026136,447.56496732026136,1.0,15.0,True,False
R1,Indonesia,S75I,Coal Sub bituminous Imports,Coal,2060,447.56496732026136,447.56496732026136,1.0,15.0,True,False
R19,Philippines,S73I,Crude Oil Imports,Unclassified,2025,416.1800538987441,0.0,inf,20.0,True,False
R19,Philippines,S73I,Crude Oil Imports,Unclassified,2030,416.1800538987441,416.1800538987441,1.0,20.0,True,False
R19,Philippines,S73I,Crude Oil Imports,Unclassified,2035,416.1800538987441,416.1800538987441,1.0,20.0,True,False
R19,Philippines,S73I,Crude Oil Imports,Unclassified,2040,416.1800538987441,416.1800538987441,1.0,20.0,True,False
R19,Philippines,S73I,Crude Oil Imports,Unclassified,2045,416.1800538987441,416.1800538987441,1.0,20.0,True,False
R19,Philippines,S73I,Crude Oil Imports,Unclassified,2050,416.1800538987441,416.1800538987441,1.0,20.0,True,False
R19,Philippines,S73I,Crude Oil Imports,Unclassified,2055,416.1800538987441,416.1800538987441,1.0,20.0,True,False
R19,Philippines,S73I,Crude Oil Imports,Unclassified,2060,416.1800538987441,416.1800538987441,1.0,20.0,True,False
R1,Indonesia,S26I,Biomass Imports,Biomass,2025,363.0258722275518,0.0,inf,5.0,True,False
R17,Malaysia,S16I,Diesel Imports,Unclassified,2060,338.07595558821504,283.42948715124413,1.1928044572434002,20.0,True,False
R1,Indonesia,P16068,All Mines,Unclassified,2025,332.4019192428605,0.0,inf,20.0,True,False
R1,Indonesia,S75D,Coal Sub bituminous Domestic Production,Coal,2025,332.4019192428605,0.0,inf,15.0,True,False
R1,Indonesia,S75D,Coal Sub bituminous Domestic Production,Coal,2030,332.4019192428605,332.4019192428605,1.0,15.0,True,False
R1,Indonesia,S75D,Coal Sub bituminous Domestic Production,Coal,2035,332.4019192428605,332.4019192428605,1.0,15.0,True,False
R1,Indonesia,S75D,Coal Sub bituminous Domestic Production,Coal,2040,332.4019192428605,332.4019192428605,1.0,15.0,True,False
R1,Indonesia,S75D,Coal Sub bituminous Domestic Production,Coal,2045,332.4019192428605,332.4019192428605,1.0,15.0,True,False
R1,Indonesia,S75D,Coal Sub bituminous Domestic Production,Coal,2050,332.4019192428605,332.4019192428605,1.0,15.0,True,False
R17,Malaysia,S26I,Biomass Imports,Biomass,2055,313.6500633068018,0.0,inf,5.0,True,False
R1,Indonesia,P16068,All Mines,Unclassified,2055,291.623475669052,332.4019192428605,0.8773218768811777,20.0,True,False
R1,Indonesia,S75D,Coal Sub bituminous Domestic Production,Coal,2055,291.623475669052,332.4019192428605,0.8773218768811777,15.0,True,False
R1,Indonesia,S75D,Coal Sub bituminous Domestic Production,Coal,2060,291.1753446803653,291.623475669052,0.9984633233395953,15.0,True,False
R1,Indonesia,S53D,Non Energy Domestic Production,Unclassified,2060,284.6355149186186,248.58894906023983,1.1450046995035315,20.0,True,False
R1,Indonesia,S53I,Non Energy Imports,Unclassified,2060,284.6355149186186,248.5889490602398,1.1450046995035315,20.0,True,False
R17,Malaysia,S16I,Diesel Imports,Unclassified,2055,283.42948715124413,226.79677751828197,1.249706853213102,20.0,True,False
R1,Indonesia,S74I,Coal Bituminous Imports,Coal,2060,282.1672495221899,262.0708262513257,1.0766831759121167,15.0,True,False
R17,Malaysia,S26I,Biomass Imports,Biomass,2035,280.9244751840347,189.40772971957412,1.4831732347985738,5.0,True,False
R11,Thailand,S78I,Coal Unspecified Imports,Coal,2025,264.63667522209204,0.0,inf,15.0,True,False
R11,Thailand,S78I,Coal Unspecified Imports,Coal,2030,264.63667522209204,264.63667522209204,1.0,15.0,True,False
R11,Thailand,S78I,Coal Unspecified Imports,Coal,2035,264.63667522209204,264.63667522209204,1.0,15.0,True,False
R11,Thailand,S78I,Coal Unspecified Imports,Coal,2040,264.63667522209204,264.63667522209204,1.0,15.0,True,False
R11,Thailand,S78I,Coal Unspecified Imports,Coal,2045,264.63667522209204,264.63667522209204,1.0,15.0,True,False
R11,Thailand,S78I,Coal Unspecified Imports,Coal,2050,264.63667522209204,264.63667522209204,1.0,15.0,True,False
R11,Thailand,S78I,Coal Unspecified Imports,Coal,2055,264.63667522209204,264.63667522209204,1.0,15.0,True,False
R11,Thailand,S78I,Coal Unspecified Imports,Coal,2060,264.63667522209204,264.63667522209204,1.0,15.0,True,False
R1,Indonesia,S74I,Coal Bituminous Imports,Coal,2055,262.0708262513257,230.68943445441616,1.1360330691829341,15.0,True,False
R1,Indonesia,S53D,Non Energy Domestic Production,Unclassified,2055,248.58894906023983,234.95044403372384,1.0580484326497308,20.0,True,False
R1,Indonesia,S53I,Non Energy Imports,Unclassified,2055,248.5889490602398,234.95044403372384,1.0580484326497308,20.0,True,False
R17,Malaysia,S26I,Biomass Imports,Biomass,2025,245.2475000186346,0.0,inf,5.0,True,False
R11,Thailand,S72I,Natural Gas Imports,Gas,2055,244.30566491941886,153.0542143152536,1.5962034499501594,15.0,True,False
R1,Indonesia,S53D,Non Energy Domestic Production,Unclassified,2050,234.95044403372384,206.84497038036187,1.135876998128983,20.0,True,False
R1,Indonesia,S53I,Non Energy Imports,Unclassified,2050,234.95044403372384,206.84497038036187,1.135876998128983,20.0,True,False
R14,Vietnam,S26I,Biomass Imports,Biomass,2055,233.7287333478372,140.43624704104326,1.664304894729412,5.0,True,False
R1,Indonesia,S74I,Coal Bituminous Imports,Coal,2050,230.68943445441616,192.26385312104586,1.199858583449788,15.0,True,False
R1,Indonesia,S53I,Non Energy Imports,Unclassified,2040,230.58486994143078,210.61412423165095,1.0948214930154179,20.0,True,False
R1,Indonesia,S53D,Non Energy Domestic Production,Unclassified,2040,229.81886881173847,210.61412423165095,1.091184504601242,20.0,True,False
R17,Malaysia,S26D,Biomass Domestic Production,Biomass,2050,227.76206366780278,0.0,inf,5.0,True,False
R17,Malaysia,S16I,Diesel Imports,Unclassified,2050,226.79677751828197,196.61553481908442,1.1535038557709532,20.0,True,False
R17,Malaysia,S26I,Biomass Imports,Biomass,2060,224.96787687409088,313.6500633068018,0.7172575528991204,5.0,True,False
R16,Singapore,S72I,Natural Gas Imports,Gas,2025,222.65239870847242,0.0,inf,15.0,True,False
R16,Singapore,S72I,Natural Gas Imports,Gas,2030,222.65239870847236,222.65239870847242,0.9999999999999998,15.0,True,False
R16,Singapore,S72I,Natural Gas Imports,Gas,2035,222.65239870847236,222.65239870847236,1.0,15.0,True,False
R16,Singapore,S72I,Natural Gas Imports,Gas,2040,222.65239870847236,222.65239870847236,1.0,15.0,True,False
R16,Singapore,S72I,Natural Gas Imports,Gas,2045,222.65239870847236,222.65239870847236,1.0,15.0,True,False
R16,Singapore,S72I,Natural Gas Imports,Gas,2050,222.65239870847236,222.65239870847236,1.0,15.0,True,False
R17,Malaysia,S26I,Biomass Imports,Biomass,2045,222.29144512036407,213.57196161975287,1.0408269111473327,5.0,True,False
R19,Philippines,S58I,Wood Imports,Unclassified,2030,221.52157868113923,0.0,inf,20.0,True,False
R19,Philippines,S58D,Wood Domestic Production,Unclassified,2025,219.00841036572663,0.0,inf,20.0,True,False
R11,Thailand,S72I,Natural Gas Imports,Gas,2060,215.66877915506942,244.30566491941886,0.8827825553132591,15.0,True,False
R19,Philippines,S16I,Diesel Imports,Unclassified,2025,215.60901635744492,0.0,inf,20.0,True,False
R17,Malaysia,S26I,Biomass Imports,Biomass,2040,213.57196161975287,280.9244751840347,0.7602469008079167,5.0,True,False
R14,Vietnam,S74I,Coal Bituminous Imports,Coal,2060,212.47505358230183,175.51395076089062,1.210587834534958,15.0,True,False
R1,Indonesia,S53D,Non Energy Domestic Production,Unclassified,2035,210.61412423165095,44.336855049499256,4.750317179613073,20.0,True,False
R1,Indonesia,S53I,Non Energy Imports,Unclassified,2035,210.61412423165095,44.336855049499256,4.750317179613073,20.0,True,False
R1,Indonesia,S53D,Non Energy Domestic Production,Unclassified,2045,206.84497038036187,229.81886881173847,0.9000347597646727,20.0,True,False
R1,Indonesia,S53I,Non Energy Imports,Unclassified,2045,206.84497038036187,230.58486994143078,0.8970448513508327,20.0,True,False
R14,Vietnam,S26I,Biomass Imports,Biomass,2060,203.99624437053177,233.7287333478372,0.872790612641291,5.0,True,False
R17,Malaysia,S16I,Diesel Imports,Unclassified,2045,196.61553481908442,160.19826207148665,1.2273262660698965,20.0,True,False
R1,Indonesia,S74I,Coal Bituminous Imports,Coal,2045,192.26385312104586,153.44851313445784,1.2529535099018942,15.0,True,False
R17,Malaysia,S26I,Biomass Imports,Biomass,2030,189.40772971957412,245.2475000186346,0.7723125809852592,5.0,True,False
R1,Indonesia,S59I,Gasoline Imports,Gas,2035,178.62569548958086,146.92665720266356,1.2157473591956371,15.0,True,False
R1,Indonesia,S59I,Gasoline Imports,Gas,2040,178.62569548958086,178.62569548958086,1.0,15.0,True,False
R1,Indonesia,S59I,Gasoline Imports,Gas,2045,178.62569548958086,178.62569548958086,1.0,15.0,True,False
R1,Indonesia,S59I,Gasoline Imports,Gas,2050,178.62569548958086,178.62569548958086,1.0,15.0,True,False
R14,Vietnam,P2627,All Mines,Unclassified,2040,178.09598875141631,72.36799602601403,2.4609772072090594,20.0,True,False
R14,Vietnam,S74I,Coal Bituminous Imports,Coal,2055,175.51395076089062,144.98241742889613,1.2105878345349574,15.0,True,False
R11,Thailand,S26D,Biomass Domestic Production,Biomass,2055,169.61040745449546,120.26925366369538,1.4102557577082084,5.0,True,False
R12,Myanmar,S58I,Wood Imports,Unclassified,2025,164.34932932973342,0.0,inf,20.0,True,False
R14,Vietnam,S26I,Biomass Imports,Biomass,2045,161.85525482647282,131.73580962838838,1.2286352153074243,5.0,True,False
R17,Malaysia,S16I,Diesel Imports,Unclassified,2040,160.19826207148665,113.4924789590499,1.4115319670591477,20.0,True,False
R16,Singapore,S26D,Biomass Domestic Production,Biomass,2055,159.99728161604895,0.0,inf,5.0,True,False
R1,Indonesia,S74I,Coal Bituminous Imports,Coal,2040,153.44851313445784,117.22392973153849,1.3090203807864096,15.0,True,False
R11,Thailand,S72I,Natural Gas Imports,Gas,2030,153.0542143152536,153.054214315253,1.000000000000004,15.0,True,False
R11,Thailand,S72I,Natural Gas Imports,Gas,2035,153.0542143152536,153.0542143152536,1.0,15.0,True,False
R11,Thailand,S72I,Natural Gas Imports,Gas,2040,153.0542143152536,153.0542143152536,1.0,15.0,True,False
R11,Thailand,S72I,Natural Gas Imports,Gas,2045,153.0542143152536,153.0542143152536,1.0,15.0,True,False
R11,Thailand,S72I,Natural Gas Imports,Gas,2050,153.0542143152536,153.0542143152536,1.0,15.0,True,False
R11,Thailand,S72I,Natural Gas Imports,Gas,2025,153.054214315253,0.0,inf,15.0,True,False
R14,Vietnam,S58I,Wood Imports,Unclassified,2055,150.5492853136265,124.36048093235578,1.2105878345349579,20.0,True,False
R1,Indonesia,S59I,Gasoline Imports,Gas,2030,146.92665720266356,114.70940451670148,1.2808597326583742,15.0,True,False
R14,Vietnam,S74I,Coal Bituminous Imports,Coal,2050,144.98241742889613,120.51663438655585,1.20300751980732,15.0,True,False
R14,Vietnam,S26I,Biomass Imports,Biomass,2050,140.43624704104326,161.85525482647282,0.8676656633212609,5.0,True,False
R1,Indonesia,P2627,All Mines,Unclassified,2055,138.44975761733014,230.68943445441616,0.6001564741998948,20.0,True,False
R1,Indonesia,S13D,Solar Domestic Production,Solar,2060,133.82263904150884,114.19187308138002,1.1719103595589393,50.0,True,False
R14,Vietnam,S58I,Wood Imports,Unclassified,2060,131.53174242776947,150.5492853136265,0.8736789560558895,20.0,True,False
R19,Philippines,S16I,Diesel Imports,Unclassified,2030,125.5164839659177,215.60901635744492,0.5821485858357224,20.0,True,False
R14,Vietnam,S58I,Wood Imports,Unclassified,2050,124.36048093235578,103.37464968820312,1.20300751980732,20.0,True,False
R16,Singapore,S26D,Biomass Domestic Production,Biomass,2035,123.24182754464235,81.29911364858599,1.5159061644552856,5.0,True,False
R16,Singapore,S61I,Naphtha Imports,Unclassified,2025,122.59393611346975,0.0,inf,20.0,True,False
R16,Singapore,S26I,Biomass Imports,Biomass,2060,121.45624418485417,0.0,inf,5.0,True,False
R14,Vietnam,S74I,Coal Bituminous Imports,Coal,2045,120.51663438655585,97.86313182480266,1.2314814796884708,15.0,True,False
R11,Thailand,S26D,Biomass Domestic Production,Biomass,2050,120.26925366369538,95.80149088086964,1.2554006472952672,5.0,True,False
R1,Indonesia,S74I,Coal Bituminous Imports,Coal,2035,117.22392973153849,86.97194254955757,1.347836167563384,15.0,True,False
R1,Indonesia,S21I,LPG Imports,Unclassified,2050,115.70802814386778,63.59578902888457,1.8194290834463012,20.0,True,False
R6,Cambodia,S75I,Coal Sub bituminous Imports,Coal,2025,114.93480522875814,0.0,inf,15.0,True,False
R6,Cambodia,S75I,Coal Sub bituminous Imports,Coal,2030,114.93480522875814,114.93480522875814,1.0,15.0,True,False
R6,Cambodia,S75I,Coal Sub bituminous Imports,Coal,2035,114.93480522875814,114.93480522875814,1.0,15.0,True,False
R6,Cambodia,S75I,Coal Sub bituminous Imports,Coal,2040,114.93480522875814,114.93480522875814,1.0,15.0,True,False
R6,Cambodia,S75I,Coal Sub bituminous Imports,Coal,2045,114.93480522875814,114.93480522875814,1.0,15.0,True,False
R6,Cambodia,S75I,Coal Sub bituminous Imports,Coal,2050,114.93480522875814,114.93480522875814,1.0,15.0,True,False
R6,Cambodia,S75I,Coal Sub bituminous Imports,Coal,2055,114.93480522875814,114.93480522875814,1.0,15.0,True,False
R6,Cambodia,S75I,Coal Sub bituminous Imports,Coal,2060,114.93480522875814,114.93480522875814,1.0,15.0,True,False
R19,Philippines,S58I,Wood Imports,Unclassified,2035,114.89897979795836,221.52157868113923,0.5186807555364406,20.0,True,False
R1,Indonesia,P2510,Gasoline,Gas,2025,114.70940451670148,0.0,inf,15.0,True,False
R1,Indonesia,S59I,Gasoline Imports,Gas,2025,114.70940451670148,0.0,inf,15.0,True,False
R1,Indonesia,S13D,Solar Domestic Production,Solar,2055,114.19187308138002,66.64783918113702,1.7133619706863525,50.0,True,False
R17,Malaysia,S16I,Diesel Imports,Unclassified,2035,113.4924789590499,109.09827224817651,1.0402775096279935,20.0,True,False
R1,Indonesia,S72D,Natural Gas Domestic Production,Gas,2060,112.30767993512232,108.23200916400965,1.0376567967516577,15.0,True,False
R1,Indonesia,S72I,Natural Gas Imports,Gas,2060,112.3076799351223,108.23200916400965,1.0376567967516575,15.0,True,False
R1,Indonesia,P2641,Electricity,Unclassified,2050,111.24846130977454,121.05574050075595,0.9189854264621168,20.0,True,False
R11,Thailand,S26D,Biomass Domestic Production,Biomass,2025,109.86037713667129,0.0,inf,5.0,True,False
R16,Singapore,S26I,Biomass Imports,Biomass,2050,109.45721137523324,103.11467498458148,1.0615095416011362,5.0,True,False
R17,Malaysia,S16I,Diesel Imports,Unclassified,2030,109.09827224817651,73.03219693463221,1.493838017030015,20.0,True,False
R1,Indonesia,S72D,Natural Gas Domestic Production,Gas,2055,108.23200916400965,100.1673876859776,1.0805114485296796,15.0,True,False
R1,Indonesia,S72I,Natural Gas Imports,Gas,2055,108.23200916400965,100.1673876859776,1.0805114485296796,15.0,True,False
R12,Myanmar,S58I,Wood Imports,Unclassified,2030,106.01573252180977,164.34932932973342,0.6450633717470841,20.0,True,False
R14,Vietnam,S26D,Biomass Domestic Production,Biomass,2035,105.44500716609129,0.0,inf,5.0,True,False
R1,Indonesia,S16I,Diesel Imports,Unclassified,2050,104.61269422876903,101.86623357640988,1.0269614430212444,20.0,True,False
R16,Singapore,S26I,Biomass Imports,Biomass,2025,103.49044055650499,0.0,inf,5.0,True,False
R14,Vietnam,S58I,Wood Imports,Unclassified,2045,103.37464968820312,83.94332468106131,1.2314814796884708,20.0,True,False
R16,Singapore,S26I,Biomass Imports,Biomass,2045,103.11467498458148,96.43615776537763,1.0692532487187245,5.0,True,False
R1,Indonesia,S16I,Diesel Imports,Unclassified,2055,102.53626493788637,104.61269422876903,0.980151268388692,20.0,True,False
R11,Thailand,S26D,Biomass Domestic Production,Biomass,2030,102.23345082059322,109.86037713667129,0.9305761866574531,5.0,True,False
R1,Indonesia,S16I,Diesel Imports,Unclassified,2045,101.86623357640988,91.6016052343879,1.1120572976396768,20.0,True,False
R1,Indonesia,S72D,Natural Gas Domestic Production,Gas,2050,100.1673876859776,89.21827862802854,1.1227227113806848,15.0,True,False
R1,Indonesia,S72I,Natural Gas Imports,Gas,2050,100.1673876859776,89.21827862802854,1.1227227113806848,15.0,True,False
R14,Vietnam,S74I,Coal Bituminous Imports,Coal,2040,97.86313182480266,80.40888447334892,1.2170686419264884,15.0,True,False
R1,Indonesia,S16I,Diesel Imports,Unclassified,2060,97.76756925490419,102.53626493788637,0.9534925941970782,20.0,True,False
R16,Singapore,S26I,Biomass Imports,Biomass,2040,96.43615776537763,0.0,inf,5.0,True,False
R11,Thailand,S26D,Biomass Domestic Production,Biomass,2045,95.80149088086964,140.37418683386466,0.6824722767174595,5.0,True,False
R1,Indonesia,S16I,Diesel Imports,Unclassified,2040,91.6016052343879,72.41768897685971,1.2649064963072518,20.0,True,False
R1,Indonesia,S72D,Natural Gas Domestic Production,Gas,2045,89.21827862802854,77.5005557413418,1.1511953401443296,15.0,True,False
R1,Indonesia,S72I,Natural Gas Imports,Gas,2045,89.21827862802854,77.5005557413418,1.1511953401443296,15.0,True,False
R1,Indonesia,P2516,Electricity,Unclassified,2055,88.08355564272236,177.20988558440092,0.49705779873533196,20.0,True,False
R1,Indonesia,S74I,Coal Bituminous Imports,Coal,2030,86.97194254955757,67.34829518569299,1.291375562065204,15.0,True,False
R14,Vietnam,S16I,Diesel Imports,Unclassified,2050,86.9125794074965,85.64967311378491,1.0147450217589717,20.0,True,False
R14,Vietnam,S16I,Diesel Imports,Unclassified,2045,85.64967311378491,77.5794768519637,1.1040248863397297,20.0,True,False
R14,Vietnam,S16I,Diesel Imports,Unclassified,2055,85.00429616116945,86.9125794074965,0.9780436473139301,20.0,True,False
R14,Vietnam,S58I,Wood Imports,Unclassified,2040,83.94332468106131,48.35320285178988,1.736044764984043,20.0,True,False
R14,Vietnam,S16I,Diesel Imports,Unclassified,2060,82.49231106599137,85.00429616116945,0.970448727786472,20.0,True,False
R14,Vietnam,S26I,Biomass Imports,Biomass,2030,81.34576476016356,60.251938404599926,1.350093738294621,5.0,True,False
R16,Singapore,S26D,Biomass Domestic Production,Biomass,2030,81.29911364858599,0.0,inf,5.0,True,False
R11,Thailand,S26I,Biomass Imports,Biomass,2035,81.25667833435905,0.0,inf,5.0,True,False
R14,Vietnam,S74I,Coal Bituminous Imports,Coal,2035,80.40888447334892,65.81826283706523,1.221680442590883,15.0,True,False
R16,Singapore,S61I,Naphtha Imports,Unclassified,2030,79.53032144855906,122.59393611346975,0.6487296514808683,20.0,True,False
R14,Vietnam,S16I,Diesel Imports,Unclassified,2040,77.5794768519637,61.88603650528556,1.2535861275481393,20.0,True,False
R1,Indonesia,S72D,Natural Gas Domestic Production,Gas,2040,77.5005557413418,66.81172789341967,1.1599843049258254,15.0,True,False
R1,Indonesia,S72I,Natural Gas Imports,Gas,2040,77.5005557413418,66.81172789341967,1.1599843049258254,15.0,True,False
R14,Vietnam,S13D,Solar Domestic Production,Solar,2060,76.83930591774366,68.76815410386735,1.1173675797911582,50.0,True,False
R16,Singapore,S46I,Residual Fuel Oil Imports,Unclassified,2055,76.28726945564686,72.56164772661246,1.0513442272296691,20.0,True,False
R1,Indonesia,S21I,LPG Imports,Unclassified,2055,75.8433215881126,115.70802814386778,0.6554715589294406,20.0,True,False
R20,Timor Leste,S33I,Palm Oil Mill Effluent Imports,Unclassified,2050,75.16425033445108,70.47662472189255,1.0665131968373394,20.0,True,False
R20,Timor Leste,S33D,Palm Oil Mill Effluent Domestic Production,Unclassified,2050,75.16425033445107,70.47662472189289,1.066513196837334,20.0,True,False
R16,Singapore,S46I,Residual Fuel Oil Imports,Unclassified,2025,73.66608046827652,0.0,inf,20.0,True,False
R16,Singapore,S46I,Residual Fuel Oil Imports,Unclassified,2030,73.4908502076628,73.66608046827652,0.9976212897509977,20.0,True,False
R16,Singapore,S46I,Residual Fuel Oil Imports,Unclassified,2035,73.28013751779011,73.4908502076628,0.9971328037534294,20.0,True,False
R16,Singapore,S46I,Residual Fuel Oil Imports,Unclassified,2040,73.05146038793058,73.28013751779011,0.9968794118351099,20.0,True,False
R17,Malaysia,S16I,Diesel Imports,Unclassified,2025,73.03219693463221,0.0,inf,20.0,True,False
R20,Timor Leste,S33D,Palm Oil Mill Effluent Domestic Production,Unclassified,2055,72.84400904034798,75.16425033445107,0.9691310525445417,20.0,True,False
R20,Timor Leste,S33I,Palm Oil Mill Effluent Imports,Unclassified,2055,72.84400904034798,75.16425033445108,0.9691310525445415,20.0,True,False
R16,Singapore,S46I,Residual Fuel Oil Imports,Unclassified,2045,72.8156615136991,73.05146038793058,0.9967721538627797,20.0,True,False
R16,Singapore,S46I,Residual Fuel Oil Imports,Unclassified,2050,72.56164772661246,72.8156615136991,0.9965115501005392,20.0,True,False
R1,Indonesia,S16I,Diesel Imports,Unclassified,2035,72.41768897685971,47.03669167585891,1.5395999675297598,20.0,True,False
R16,Singapore,S46I,Residual Fuel Oil Imports,Unclassified,2060,71.97899923312502,76.28726945564686,0.9435256989368763,20.0,True,False
R20,Timor Leste,S33D,Palm Oil Mill Effluent Domestic Production,Unclassified,2045,70.47662472189289,0.0,inf,20.0,True,False
R20,Timor Leste,S33I,Palm Oil Mill Effluent Imports,Unclassified,2045,70.47662472189255,61.421596100583095,1.147424182961333,20.0,True,False
R20,Timor Leste,S33D,Palm Oil Mill Effluent Domestic Production,Unclassified,2060,69.32747146549775,72.84400904034798,0.9517250955682239,20.0,True,False
R20,Timor Leste,S33I,Palm Oil Mill Effluent Imports,Unclassified,2060,69.32747146549775,72.84400904034798,0.9517250955682239,20.0,True,False
R14,Vietnam,S13D,Solar Domestic Production,Solar,2055,68.76815410386735,59.13589637540509,1.1628834315339533,50.0,True,False
R1,Indonesia,P2627,All Mines,Unclassified,2025,67.34829518569299,0.0,inf,20.0,True,False
R1,Indonesia,S74I,Coal Bituminous Imports,Coal,2025,67.34829518569299,0.0,inf,15.0,True,False
R1,Indonesia,S72D,Natural Gas Domestic Production,Gas,2035,66.81172789341967,56.51021840056191,1.182294632447489,15.0,True,False
R1,Indonesia,S72I,Natural Gas Imports,Gas,2035,66.81172789341967,56.51021840056191,1.182294632447489,15.0,True,False
R1,Indonesia,S13D,Solar Domestic Production,Solar,2050,66.64783918113702,62.60846050422909,1.0645180961866179,50.0,True,False
R14,Vietnam,S74I,Coal Bituminous Imports,Coal,2030,65.81826283706523,46.885730232752785,1.4038015940100859,15.0,True,False
R16,Singapore,S59I,Gasoline Imports,Gas,2035,63.95143924258457,30.997619720096697,2.063108065072587,15.0,True,False
R1,Indonesia,S59I,Gasoline Imports,Gas,2055,63.91629097287939,178.62569548958086,0.3578224890752495,15.0,True,False
R16,Singapore,S59I,Gasoline Imports,Gas,2040,63.620763347567404,63.95143924258457,0.9948292657845772,15.0,True,False
R1,Indonesia,S21I,LPG Imports,Unclassified,2045,63.59578902888457,17.373446084424607,3.6605166712376396,20.0,True,False
R16,Singapore,S59I,Gasoline Imports,Gas,2045,63.281922602387496,63.620763347567404,0.9946740540768305,15.0,True,False
R16,Singapore,S59I,Gasoline Imports,Gas,2050,62.9185873349604,63.281922602387496,0.9942584666760206,15.0,True,False
R13,Laos,S58I,Wood Imports,Unclassified,2025,62.62055576134072,0.0,inf,20.0,True,False
R1,Indonesia,S13D,Solar Domestic Production,Solar,2045,62.60846050422909,40.11914700053676,1.560563102286084,50.0,True,False
R14,Vietnam,S16I,Diesel Imports,Unclassified,2035,61.88603650528556,42.020458370205795,1.472759672444822,20.0,True,False
R20,Timor Leste,S33I,Palm Oil Mill Effluent Imports,Unclassified,2040,61.421596100583095,46.93143835507854,1.308751622651611,20.0,True,False
R11,Thailand,S58I,Wood Imports,Unclassified,2025,60.4294562673588,0.0,inf,20.0,True,False
R14,Vietnam,S26I,Biomass Imports,Biomass,2025,60.251938404599926,0.0,inf,5.0,True,False
R1,Indonesia,P2653,LNG,Unclassified,2035,59.17806006327466,17.018021810573913,3.477375967781707,20.0,True,False
R1,Indonesia,S20I,LNG Imports,Unclassified,2060,59.17806006327466,50.37681224175494,1.1747083118178085,20.0,True,False
R12,Myanmar,S58I,Wood Imports,Unclassified,2035,59.14698239379114,106.01573252180977,0.5579075952866082,20.0,True,False
R14,Vietnam,S13D,Solar Domestic Production,Solar,2050,59.13589637540509,48.65592072208932,1.2153895250112483,50.0,True,False
R1,Indonesia,P2605,Natural Gas,Gas,2055,57.626841773723015,100.1673876859776,0.5753054272951772,15.0,True,False
R1,Indonesia,P2521,Natural Gas,Gas,2055,57.626841773723,100.1673876859776,0.5753054272951771,15.0,True,False
R1,Indonesia,S72D,Natural Gas Domestic Production,Gas,2030,56.51021840056191,49.562220295690956,1.1401873859447542,15.0,True,False
R1,Indonesia,S72I,Natural Gas Imports,Gas,2030,56.51021840056191,49.56222029569096,1.140187385944754,15.0,True,False
R1,Indonesia,P2641,Electricity,Unclassified,2040,55.307988126858106,65.74775237389784,0.8412148876562301,20.0,True,False
R12,Myanmar,S26D,Biomass Domestic Production,Biomass,2025,54.35350159156631,0.0,inf,5.0,True,False
R14,Vietnam,S58I,Wood Imports,Unclassified,2030,52.77547900312458,28.211347508574146,1.870718121035685,20.0,True,False
R19,Philippines,S26D,Biomass Domestic Production,Biomass,2025,52.27593960603441,0.0,inf,5.0,True,False
R1,Indonesia,P2516,Electricity,Unclassified,2025,51.10727672617292,0.0,inf,20.0,True,False
R12,Myanmar,S58I,Wood Imports,Unclassified,2045,50.476988357190685,49.53317081683205,1.01905425242912,20.0,True,False
R1,Indonesia,S20I,LNG Imports,Unclassified,2055,50.37681224175494,41.13076337459055,1.224796432367612,20.0,True,False
R13,Laos,S58I,Wood Imports,Unclassified,2030,50.08325188908031,62.62055576134072,0.7997893228536243,20.0,True,False
R15,Brunei,S75I,Coal Sub bituminous Imports,Coal,2055,49.941645637237265,30.919412681301367,1.6152197375805804,15.0,True,False
R15,Brunei,S75I,Coal Sub bituminous Imports,Coal,2060,49.941645637237265,49.941645637237265,1.0,15.0,True,False
R1,Indonesia,P2605,Natural Gas,Gas,2025,49.56222029569096,0.0,inf,15.0,True,False
R1,Indonesia,S72I,Natural Gas Imports,Gas,2025,49.56222029569096,0.0,inf,15.0,True,False
R1,Indonesia,P2521,Natural Gas,Gas,2025,49.562220295690956,0.0,inf,15.0,True,False
R1,Indonesia,S72D,Natural Gas Domestic Production,Gas,2025,49.562220295690956,0.0,inf,15.0,True,False
R12,Myanmar,S58I,Wood Imports,Unclassified,2040,49.53317081683205,59.14698239379114,0.8374589676789954,20.0,True,False
R11,Thailand,S74I,Coal Bituminous Imports,Coal,2060,48.60015121136136,45.4583351675132,1.0691141906598782,15.0,True,False
R14,Vietnam,S58I,Wood Imports,Unclassified,2035,48.35320285178988,52.77547900312458,0.9162058547858395,20.0,True,False
R1,Indonesia,S16I,Diesel Imports,Unclassified,2030,47.03669167585891,22.408759686933305,2.0990314650607957,20.0,True,False
R20,Timor Leste,S33D,Palm Oil Mill Effluent Domestic Production,Unclassified,2035,46.93143835507854,29.85039577163579,1.5722216453717297,20.0,True,False
R20,Timor Leste,S33I,Palm Oil Mill Effluent Imports,Unclassified,2035,46.93143835507854,29.850395771635796,1.5722216453717293,20.0,True,False
R14,Vietnam,S74I,Coal Bituminous Imports,Coal,2025,46.885730232752785,0.0,inf,15.0,True,False
R1,Indonesia,P2641,Electricity,Unclassified,2060,46.31019916409471,187.5521149452572,0.2469190986068686,20.0,True,False
R17,Malaysia,S73I,Crude Oil Imports,Unclassified,2060,46.21402451291405,43.73709191107815,1.056632311239891,20.0,True,False
R14,Vietnam,S59I,Gasoline Imports,Gas,2035,45.7834947950684,41.67587422659439,1.0985611134667654,15.0,True,False
R14,Vietnam,S59I,Gasoline Imports,Gas,2040,45.7834947950684,45.7834947950684,1.0,15.0,True,False
R14,Vietnam,S59I,Gasoline Imports,Gas,2045,45.7834947950684,45.7834947950684,1.0,15.0,True,False
R14,Vietnam,S59I,Gasoline Imports,Gas,2050,45.7834947950684,45.7834947950684,1.0,15.0,True,False
R11,Thailand,S74I,Coal Bituminous Imports,Coal,2055,45.4583351675132,42.519625653322926,1.069114190659875,15.0,True,False
R17,Malaysia,S72I,Natural Gas Imports,Gas,2060,44.83184712812118,41.41044662646556,1.082621675938868,15.0,True,False
R1,Indonesia,P2641,Electricity,Unclassified,2025,44.7520868652733,0.0,inf,20.0,True,False
R1,Indonesia,S53D,Non Energy Domestic Production,Unclassified,2030,44.336855049499256,36.52458200517036,1.2138908268196746,20.0,True,False
R1,Indonesia,S53I,Non Energy Imports,Unclassified,2030,44.336855049499256,36.52458200517035,1.2138908268196749,20.0,True,False
R11,Thailand,P2627,All Mines,Unclassified,2035,43.740136090225214,27.546445938338483,1.5878685834149204,20.0,True,False
R17,Malaysia,S73I,Crude Oil Imports,Unclassified,2055,43.73709191107815,41.55750203317723,1.0524475671362745,20.0,True,False
R11,Thailand,S74I,Coal Bituminous Imports,Coal,2050,42.519625653322926,39.741727561814095,1.0698987754668716,15.0,True,False
R14,Vietnam,P2627,All Mines,Unclassified,2025,42.1971572094775,0.0,inf,20.0,True,False
R14,Vietnam,S16I,Diesel Imports,Unclassified,2030,42.020458370205795,24.098263348815156,1.743713136584667,20.0,True,False
R14,Vietnam,S59I,Gasoline Imports,Gas,2030,41.67587422659439,36.96136058589244,1.1275524917365027,15.0,True,False
R17,Malaysia,S73I,Crude Oil Imports,Unclassified,2050,41.55750203317723,41.48959893724393,1.0016366293642898,20.0,True,False
R17,Malaysia,S73I,Crude Oil Imports,Unclassified,2045,41.48959893724393,40.8570673286238,1.0154815714875598,20.0,True,False
R1,Indonesia,P2668,Natural Gas,Gas,2055,41.4315092276965,85.07088550095186,0.4870233686145529,15.0,True,False
R17,Malaysia,S72I,Natural Gas Imports,Gas,2055,41.41044662646556,37.79426037050249,1.0956808314414168,15.0,True,False
R1,Indonesia,S20I,LNG Imports,Unclassified,2050,41.13076337459055,32.55768548711694,1.2633196358772485,20.0,True,False
R17,Malaysia,S73I,Crude Oil Imports,Unclassified,2040,40.8570673286238,39.86160040134531,1.024973079787456,20.0,True,False
R13,Laos,S58I,Wood Imports,Unclassified,2035,40.36108773776579,50.08325188908031,0.8058799342174056,20.0,True,False
R17,Malaysia,P2653,LNG,Unclassified,2035,40.24065498747429,38.11488791774224,1.0557726176269961,20.0,True,False
R17,Malaysia,S20I,LNG Imports,Unclassified,2060,40.24065498747429,39.912501635483956,1.0082218186919807,20.0,True,False
R17,Malaysia,S20I,LNG Imports,Unclassified,2055,39.912501635483956,39.58018815628467,1.0083959550138348,20.0,True,False
R17,Malaysia,S73I,Crude Oil Imports,Unclassified,2035,39.86160040134531,38.55696490517901,1.033836571404796,20.0,True,False
R19,Philippines,S26D,Biomass Domestic Production,Biomass,2030,39.85310363398418,52.27593960603441,0.7623603503701306,5.0,True,False
R11,Thailand,S74I,Coal Bituminous Imports,Coal,2045,39.741727561814095,36.705449119798836,1.0827201005525224,15.0,True,False
R17,Malaysia,S20I,LNG Imports,Unclassified,2050,39.58018815628467,39.19769236766287,1.0097581200707966,20.0,True,False
R17,Malaysia,S20I,LNG Imports,Unclassified,2045,39.19769236766287,38.815037246167726,1.009858424689079,20.0,True,False
R17,Malaysia,P2613,Crude Oil,Unclassified,2055,39.14891038260124,41.141927012845706,0.9515575284156673,20.0,True,False
R1,Indonesia,P2516,Electricity,Unclassified,2050,38.96316543279243,138.24672015160849,0.2818379010370981,20.0,True,False
R1,Indonesia,P2627,All Mines,Unclassified,2045,38.815339986588015,153.44851313445784,0.25295350990189414,20.0,True,False
R17,Malaysia,S20I,LNG Imports,Unclassified,2040,38.815037246167726,38.45117849827823,1.009462876356463,20.0,True,False
R17,Malaysia,S73I,Crude Oil Imports,Unclassified,2030,38.55696490517901,37.364764043919635,1.0319070892528057,20.0,True,False
R17,Malaysia,S20I,LNG Imports,Unclassified,2035,38.45117849827823,38.11488791774238,1.0088230767269109,20.0,True,False
R1,Indonesia,P2627,All Mines,Unclassified,2050,38.42558133337029,192.26385312104586,0.1998585834497878,20.0,True,False
R17,Malaysia,S20I,LNG Imports,Unclassified,2030,38.11488791774238,37.81966488740333,1.0078060720849322,20.0,True,False
R17,Malaysia,P2653,LNG,Unclassified,2025,38.11488791774224,0.0,inf,20.0,True,False
R17,Malaysia,S20I,LNG Imports,Unclassified,2025,37.81966488740333,0.0,inf,20.0,True,False
R17,Malaysia,S72I,Natural Gas Imports,Gas,2050,37.79426037050249,33.90359486701403,1.1147567247293244,15.0,True,False
R17,Malaysia,S73I,Crude Oil Imports,Unclassified,2025,37.364764043919635,0.0,inf,20.0,True,False
R17,Malaysia,P2613,Crude Oil,Unclassified,2025,36.99111640348047,0.0,inf,20.0,True,False
R14,Vietnam,P2510,Gasoline,Gas,2025,36.961360585892464,0.0,inf,15.0,True,False
R14,Vietnam,S59I,Gasoline Imports,Gas,2025,36.96136058589244,0.0,inf,15.0,True,False
R17,Malaysia,S59I,Gasoline Imports,Gas,2035,36.88503190347874,23.003123808476253,1.603479258320874,15.0,True,False
R11,Thailand,S74I,Coal Bituminous Imports,Coal,2040,36.705449119798836,33.70804298815893,1.0889225794773325,15.0,True,False
R17,Malaysia,S59I,Gasoline Imports,Gas,2040,36.544695678253724,36.88503190347874,0.990773053250554,15.0,True,False
R1,Indonesia,S53D,Non Energy Domestic Production,Unclassified,2025,36.52458200517036,0.0,inf,20.0,True,False
R1,Indonesia,S53I,Non Energy Imports,Unclassified,2025,36.52458200517035,0.0,inf,20.0,True,False
R17,Malaysia,S59I,Gasoline Imports,Gas,2045,36.32844196442974,36.544695678253724,0.9940824869434427,15.0,True,False
R17,Malaysia,S59I,Gasoline Imports,Gas,2050,36.30522684525515,36.32844196442974,0.9993609657359562,15.0,True,False
R1,Indonesia,P2627,All Mines,Unclassified,2040,36.22458340291935,117.22392973153849,0.30902038078640964,20.0,True,False
R1,Indonesia,P2516,Electricity,Unclassified,2060,35.96734773251495,214.18616450095038,0.16792563523567536,20.0,True,False
R1,Indonesia,P2516,Electricity,Unclassified,2045,35.830408704815305,102.41631144679317,0.3498506067896201,20.0,True,False
R1,Indonesia,S21I,LPG Imports,Unclassified,2060,35.65575055863328,75.8433215881126,0.47012380011876787,20.0,True,False
R17,Malaysia,P2668,Natural Gas,Gas,2035,35.39922883406436,18.192098783593075,1.9458573337338019,15.0,True,False
R1,Indonesia,S29D,Palm Oil Domestic Production,Unclassified,2060,34.884436353082414,26.217467358628504,1.330579947936943,20.0,True,False
R12,Myanmar,S58I,Wood Imports,Unclassified,2060,34.829347048530025,29.983213488135046,1.1616282244834326,20.0,True,False
R16,Singapore,P2510,Gasoline,Gas,2025,34.78535066888256,0.0,inf,15.0,True,False
R16,Singapore,S61I,Naphtha Imports,Unclassified,2035,34.34896954148631,79.53032144855906,0.4318977833341657,20.0,True,False
R17,Malaysia,S72I,Natural Gas Imports,Gas,2045,33.90359486701403,29.923802147541252,1.1329975616016357,15.0,True,False
R11,Thailand,S74I,Coal Bituminous Imports,Coal,2035,33.70804298815893,30.607162153709503,1.1013122621063909,15.0,True,False
R14,Vietnam,P2516,Electricity,Unclassified,2055,33.46817055766158,60.00654359706809,0.5577420153107574,20.0,True,False
R16,Singapore,S59I,Gasoline Imports,Gas,2055,33.26892792628718,62.9185873349604,0.5287615208074049,15.0,True,False
R16,Singapore,P2510,Gasoline,Gas,2035,33.26000092349828,34.79427767167146,0.9559043368380559,15.0,True,False
R16,Singapore,P2613,Crude Oil,Unclassified,2055,32.797445244246994,41.268559146544526,0.7947320168795661,20.0,True,False
R14,Vietnam,P2641,Electricity,Unclassified,2055,32.762029284774385,56.27923714153621,0.5821334998266131,20.0,True,False
R1,Indonesia,P2668,Natural Gas,Gas,2025,32.690968770529636,0.0,inf,15.0,True,False
R1,Indonesia,S20I,LNG Imports,Unclassified,2045,32.55768548711694,25.593776001930667,1.272093867065999,20.0,True,False
R1,Indonesia,P2510,Gasoline,Gas,2030,32.21725268596209,114.70940451670148,0.2808597326583743,15.0,True,False
R1,Indonesia,P2510,Gasoline,Gas,2035,31.6990382869173,146.92665720266356,0.21574735919563712,15.0,True,False
R1,Indonesia,S59I,Gasoline Imports,Gas,2060,31.6990382869173,63.91629097287939,0.49594614775703527,15.0,True,False
R16,Singapore,S59I,Gasoline Imports,Gas,2025,31.24371375618737,0.0,inf,15.0,True,False
R16,Singapore,S59I,Gasoline Imports,Gas,2030,30.997619720096697,31.24371375618737,0.9921234063910876,15.0,True,False
R15,Brunei,S75I,Coal Sub bituminous Imports,Coal,2025,30.919412681301367,0.0,inf,15.0,True,False
R15,Brunei,S75I,Coal Sub bituminous Imports,Coal,2030,30.919412681301367,30.919412681301367,1.0,15.0,True,False
R15,Brunei,S75I,Coal Sub bituminous Imports,Coal,2035,30.919412681301367,30.919412681301367,1.0,15.0,True,False
R15,Brunei,S75I,Coal Sub bituminous Imports,Coal,2040,30.919412681301367,30.919412681301367,1.0,15.0,True,False
R15,Brunei,S75I,Coal Sub bituminous Imports,Coal,2045,30.919412681301367,30.919412681301367,1.0,15.0,True,False
R15,Brunei,S75I,Coal Sub bituminous Imports,Coal,2050,30.919412681301367,30.919412681301367,1.0,15.0,True,False
R11,Thailand,P2516,Electricity,Unclassified,2055,30.909873785317444,55.81170264584587,0.5538242397200563,20.0,True,False
R11,Thailand,S74I,Coal Bituminous Imports,Coal,2030,30.607162153709503,28.789014523104917,1.0631542156173985,15.0,True,False
R13,Laos,S58I,Wood Imports,Unclassified,2040,30.599625143397912,40.36108773776579,0.7581466917395762,20.0,True,False
R19,Philippines,S46I,Residual Fuel Oil Imports,Unclassified,2030,30.325019344819186,28.763608180225543,1.0542842592907757,20.0,True,False
R1,Indonesia,P2627,All Mines,Unclassified,2035,30.251987181982088,86.9719425495564,0.3478361675634022,20.0,True,False
R12,Myanmar,S58I,Wood Imports,Unclassified,2055,29.983213488135046,0.0,inf,20.0,True,False
R17,Malaysia,S72I,Natural Gas Imports,Gas,2040,29.923802147541252,26.419359945148493,1.1326467488110474,15.0,True,False
R20,Timor Leste,S33I,Palm Oil Mill Effluent Imports,Unclassified,2030,29.850395771635796,14.013679965459682,2.1300897298361154,20.0,True,False
R20,Timor Leste,S33D,Palm Oil Mill Effluent Domestic Production,Unclassified,2030,29.85039577163579,14.013679965459678,2.1300897298361154,20.0,True,False
R11,Thailand,P2641,Electricity,Unclassified,2055,29.364380096051576,53.02111751355358,0.5538242397200563,20.0,True,False
R17,Malaysia,P2544,All Refineries,Unclassified,2055,29.140450219874307,31.327508352323065,0.9301872939318336,20.0,True,False
R16,Singapore,P2613,Crude Oil,Unclassified,2025,29.03463191777692,0.0,inf,20.0,True,False
R11,Thailand,S59I,Gasoline Imports,Gas,2035,28.981820867060517,24.536537775737326,1.1811699405985003,15.0,True,False
R11,Thailand,S59I,Gasoline Imports,Gas,2040,28.981820867060517,28.981820867060517,1.0,15.0,True,False
R11,Thailand,S59I,Gasoline Imports,Gas,2045,28.981820867060517,28.981820867060517,1.0,15.0,True,False
R11,Thailand,S59I,Gasoline Imports,Gas,2050,28.981820867060517,28.981820867060517,1.0,15.0,True,False
R19,Philippines,S26I,Biomass Imports,Biomass,2035,28.898162611075094,0.0,inf,5.0,True,False
R11,Thailand,S74I,Coal Bituminous Imports,Coal,2025,28.789014523104917,0.0,inf,15.0,True,False
R19,Philippines,S46I,Residual Fuel Oil Imports,Unclassified,2025,28.763608180225543,0.0,inf,20.0,True,False
R14,Vietnam,S72D,Natural Gas Domestic Production,Gas,2060,28.679968173806007,26.795153846262718,1.0703416124556484,15.0,True,False
R14,Vietnam,P2668,Natural Gas,Gas,2035,28.67996817380599,14.928987131677872,1.9210926984423384,15.0,True,False
R11,Thailand,S16I,Diesel Imports,Unclassified,2040,28.40237377828422,27.134541514618554,1.0467239243007893,20.0,True,False
R14,Vietnam,S58I,Wood Imports,Unclassified,2025,28.211347508574146,0.0,inf,20.0,True,False
R16,Singapore,P2544,All Refineries,Unclassified,2055,28.112841949829324,35.80893364120566,0.7850790037902615,20.0,True,False
R17,Malaysia,S67I,Oil Imports,Unclassified,2060,28.05752024844367,23.657302014343184,1.185998311702352,20.0,True,False
R17,Malaysia,P2510,Gasoline,Gas,2025,27.674959234599164,0.0,inf,15.0,True,False
R11,Thailand,P2613,Crude Oil,Unclassified,2035,27.611857428481425,10.502222778397241,2.629144135589867,20.0,True,False
R11,Thailand,P2698,Crude Oil,Unclassified,2035,27.611857428481425,10.502222778397241,2.629144135589867,20.0,True,False
R11,Thailand,P2627,All Mines,Unclassified,2025,27.546445938338483,0.0,inf,20.0,True,False
R1,Indonesia,P2516,Electricity,Unclassified,2040,27.33180008506433,75.08451136172884,0.3640138237484164,20.0,True,False
R16,Singapore,S59I,Gasoline Imports,Gas,2060,27.295867755263163,33.26892792628718,0.8204612969718074,15.0,True,False
R11,Thailand,S16I,Diesel Imports,Unclassified,2035,27.134541514618554,21.84918069745403,1.2419020141007118,20.0,True,False
R17,Malaysia,P2641,Electricity,Unclassified,2055,26.866967332521543,27.5659638447609,0.9746427690257525,20.0,True,False
R17,Malaysia,P2516,Electricity,Unclassified,2055,26.807721166617505,30.97299308400101,0.8655192313481946,20.0,True,False
R14,Vietnam,S72D,Natural Gas Domestic Production,Gas,2055,26.795153846262718,24.854252953633605,1.078091298750758,15.0,True,False
R17,Malaysia,P2544,All Refineries,Unclassified,2025,26.77257189985937,0.0,inf,20.0,True,False
R17,Malaysia,S72I,Natural Gas Imports,Gas,2035,26.419359945148493,24.080240164832507,1.0971385569373227,15.0,True,False
R11,Thailand,S16I,Diesel Imports,Unclassified,2045,26.367747483026676,28.40237377828422,0.9283642166270916,20.0,True,False
R1,Indonesia,S29D,Palm Oil Domestic Production,Unclassified,2055,26.217467358628504,18.644820220448125,1.4061528643690173,20.0,True,False
R1,Indonesia,S20I,LNG Imports,Unclassified,2040,25.593776001930667,20.430694105697253,1.2527120160246368,20.0,True,False
R14,Vietnam,S72D,Natural Gas Domestic Production,Gas,2050,24.854252953633605,23.0090279707634,1.0801956947166502,15.0,True,False
R16,Singapore,P2544,All Refineries,Unclassified,2025,24.694288414598,0.0,inf,20.0,True,False
R17,Malaysia,P2521,Natural Gas,Gas,2055,24.605709675966214,37.79426037050273,0.6510435562107262,15.0,True,False
R17,Malaysia,P2605,Natural Gas,Gas,2055,24.605709675966214,37.79426037050273,0.6510435562107262,15.0,True,False
R14,Vietnam,S20I,LNG Imports,Unclassified,2060,24.56048533066005,17.546435062833968,1.3997421836805422,20.0,True,False
R11,Thailand,S59I,Gasoline Imports,Gas,2030,24.536537775737326,21.20053336472825,1.157354739789672,15.0,True,False
R14,Vietnam,S16I,Diesel Imports,Unclassified,2025,24.098263348815156,0.0,inf,20.0,True,False
R11,Thailand,S16I,Diesel Imports,Unclassified,2050,24.09352067093355,26.367747483026676,0.9137496741594222,20.0,True,False
R17,Malaysia,S72I,Natural Gas Imports,Gas,2030,24.080240164832507,20.989523420005064,1.1472504488540072,15.0,True,False
R11,Thailand,P2516,Electricity,Unclassified,2025,23.76734831844374,0.0,inf,20.0,True,False
R14,Vietnam,P2516,Electricity,Unclassified,2025,23.694098822079322,0.0,inf,20.0,True,False
R11,Thailand,S16I,Diesel Imports,Unclassified,2060,23.67247936039356,23.257667752752884,1.0178354774025686,20.0,True,False
R17,Malaysia,S67I,Oil Imports,Unclassified,2055,23.657302014343184,9.113650219165368,2.5958097409305365,20.0,True,False
R19,Philippines,S26I,Biomass Imports,Biomass,2055,23.656447081063533,16.660350657921725,1.41992492035666,5.0,True,False
R14,Vietnam,P2641,Electricity,Unclassified,2025,23.59507401504783,0.0,inf,20.0,True,False
R1,Indonesia,P2668,Natural Gas,Gas,2045,23.4752832316887,61.59560226926316,0.3811194690339623,15.0,True,False
R11,Thailand,S16I,Diesel Imports,Unclassified,2055,23.257667752752884,24.09352067093355,0.9653079792863547,20.0,True,False
R14,Vietnam,S72D,Natural Gas Domestic Production,Gas,2045,23.0090279707634,20.582308955433955,1.117903147823887,15.0,True,False
R17,Malaysia,S59I,Gasoline Imports,Gas,2030,23.003123808476253,19.249630857713335,1.1949903859719415,15.0,True,False
R17,Malaysia,P2516,Electricity,Unclassified,2025,22.916968614507574,0.0,inf,20.0,True,False
R6,Cambodia,S58I,Wood Imports,Unclassified,2025,22.719607327892565,0.0,inf,20.0,True,False
R1,Indonesia,P2521,Natural Gas,Gas,2045,22.66683194463579,77.50055574134181,0.292473153615651,15.0,True,False
R11,Thailand,P2641,Electricity,Unclassified,2025,22.578980902521554,0.0,inf,20.0,True,False
R19,Philippines,S26I,Biomass Imports,Biomass,2045,22.4519113507723,0.0,inf,5.0,True,False
R1,Indonesia,S16I,Diesel Imports,Unclassified,2025,22.408759686933305,0.0,inf,20.0,True,False
R11,Thailand,S16I,Diesel Imports,Unclassified,2030,21.84918069745403,15.38473178997876,1.4201859997121338,20.0,True,False
R19,Philippines,S26D,Biomass Domestic Production,Biomass,2040,21.408426686312406,0.0,inf,5.0,True,False
R11,Thailand,P2641,Electricity,Unclassified,2035,21.234475123246206,23.857943098071473,0.8900379649644931,20.0,True,False
R11,Thailand,P2510,Gasoline,Gas,2025,21.200533364728283,0.0,inf,15.0,True,False
R11,Thailand,S59I,Gasoline Imports,Gas,2025,21.20053336472825,0.0,inf,15.0,True,False
R13,Laos,S58I,Wood Imports,Unclassified,2045,21.013620939144154,30.599625143397912,0.6867280511009134,20.0,True,False
R1,Indonesia,P2641,Electricity,Unclassified,2030,20.99566550862454,44.7520868652733,0.46915500436509805,20.0,True,False
R17,Malaysia,P2521,Natural Gas,Gas,2025,20.989523420005067,0.0,inf,15.0,True,False
R17,Malaysia,P2605,Natural Gas,Gas,2025,20.989523420005067,0.0,inf,15.0,True,False
R17,Malaysia,S72I,Natural Gas Imports,Gas,2025,20.989523420005064,0.0,inf,15.0,True,False
R14,Vietnam,S72D,Natural Gas Domestic Production,Gas,2040,20.582308955433955,17.804232451585797,1.1560346120734184,15.0,True,False
R1,Indonesia,S20I,LNG Imports,Unclassified,2035,20.430694105697253,17.018021810573913,1.2005328429537516,20.0,True,False
R17,Malaysia,P2641,Electricity,Unclassified,2025,20.39610206691174,0.0,inf,20.0,True,False
R14,Vietnam,P2641,Electricity,Unclassified,2045,20.20560439742818,36.073632744108025,0.5601211427958666,20.0,True,False
R17,Malaysia,S74I,Coal Bituminous Imports,Coal,2050,20.093345900571332,19.61072368950771,1.024610117337069,15.0,True,False
R17,Malaysia,S74I,Coal Bituminous Imports,Coal,2055,19.969712884720686,20.093345900571332,0.9938470667621796,15.0,True,False
R17,Malaysia,S74I,Coal Bituminous Imports,Coal,2060,19.84684057456256,19.969712884720686,0.9938470667621797,15.0,True,False
R17,Malaysia,P20955,Gas Turbine_MYPE,Gas,2050,19.786315535857742,20.274365679988268,0.9759277231241689,15.0,True,False
R12,Myanmar,S72D,Natural Gas Domestic Production,Gas,2060,19.687893779364686,19.63775278644335,1.00255329586163,15.0,True,False
R12,Myanmar,S72I,Natural Gas Imports,Gas,2060,19.687893779364686,19.63775278644335,1.00255329586163,15.0,True,False
R12,Myanmar,S72D,Natural Gas Domestic Production,Gas,2055,19.63775278644335,19.565363173912168,1.0036998859611104,15.0,True,False
R12,Myanmar,S72I,Natural Gas Imports,Gas,2055,19.63775278644335,19.565363173912168,1.0036998859611104,15.0,True,False
R17,Malaysia,S74I,Coal Bituminous Imports,Coal,2045,19.61072368950771,18.841484092576223,1.0408269111473325,15.0,True,False
R12,Myanmar,S72D,Natural Gas Domestic Production,Gas,2050,19.565363173912168,19.467484685468868,1.005027793267836,15.0,True,False
R12,Myanmar,S72I,Natural Gas Imports,Gas,2050,19.565363173912168,19.467484685468868,1.005027793267836,15.0,True,False
R12,Myanmar,S72D,Natural Gas Domestic Production,Gas,2045,19.467484685468868,19.34154604497442,1.0065113016406033,15.0,True,False
R12,Myanmar,S72I,Natural Gas Imports,Gas,2045,19.467484685468868,19.341546044974418,1.0065113016406035,15.0,True,False
R12,Myanmar,S72D,Natural Gas Domestic Production,Gas,2040,19.34154604497442,19.17754745092894,1.0085515937043106,15.0,True,False
R12,Myanmar,S72I,Natural Gas Imports,Gas,2040,19.341546044974418,19.17754745092894,1.0085515937043104,15.0,True,False
R17,Malaysia,S59I,Gasoline Imports,Gas,2025,19.249630857713335,0.0,inf,15.0,True,False
R12,Myanmar,S72D,Natural Gas Domestic Production,Gas,2035,19.17754745092894,18.999098867765305,1.0093924761592983,15.0,True,False
R12,Myanmar,S72I,Natural Gas Imports,Gas,2035,19.17754745092894,18.999098867765305,1.0093924761592983,15.0,True,False
R12,Myanmar,S72D,Natural Gas Domestic Production,Gas,2030,18.999098867765305,18.910525647235612,1.0046838053146683,15.0,True,False
R12,Myanmar,S72I,Natural Gas Imports,Gas,2030,18.999098867765305,18.910525647235612,1.0046838053146683,15.0,True,False
R12,Myanmar,P2605,Natural Gas,Gas,2055,18.982915259766795,19.565363173912168,0.9702306617583265,15.0,True,False
R12,Myanmar,P2605,Natural Gas,Gas,2025,18.910525647235612,0.0,inf,15.0,True,False
R12,Myanmar,S72D,Natural Gas Domestic Production,Gas,2025,18.910525647235612,0.0,inf,15.0,True,False
R12,Myanmar,S72I,Natural Gas Imports,Gas,2025,18.910525647235612,0.0,inf,15.0,True,False
R17,Malaysia,S74I,Coal Bituminous Imports,Coal,2040,18.841484092576223,17.886115030777212,1.0534140063482247,15.0,True,False
R17,Malaysia,P2668,Natural Gas,Gas,2025,18.192098783593075,0.0,inf,15.0,True,False
R17,Malaysia,S74I,Coal Bituminous Imports,Coal,2035,17.886115030777212,16.709696813461626,1.0704033251140646,15.0,True,False
R14,Vietnam,S72D,Natural Gas Domestic Production,Gas,2035,17.804232451585797,14.928987131677864,1.192594801947879,15.0,True,False
R11,Thailand,S26I,Biomass Imports,Biomass,2040,17.77135588235294,81.25667833435905,0.21870640354293677,5.0,True,False
R11,Thailand,S26I,Biomass Imports,Biomass,2045,17.77135588235294,17.77135588235294,1.0,5.0,True,False
R11,Thailand,S26I,Biomass Imports,Biomass,2050,17.77135588235294,17.77135588235294,1.0,5.0,True,False
R11,Thailand,S26I,Biomass Imports,Biomass,2055,17.77135588235294,17.77135588235294,1.0,5.0,True,False
R11,Thailand,S26D,Biomass Domestic Production,Biomass,2060,17.77135588235294,169.61040745449546,0.10477750834435552,5.0,True,False
R19,Philippines,S26I,Biomass Imports,Biomass,2060,17.495487181073198,23.656447081063533,0.7395652914878309,5.0,True,False
R12,Myanmar,P2521,Natural Gas,Gas,2055,17.084623733790114,17.608826856520952,0.9702306617583264,15.0,True,False
R12,Myanmar,P2521,Natural Gas,Gas,2025,17.019473082512054,0.0,inf,15.0,True,False
R20,Timor Leste,S26I,Biomass Imports,Biomass,2035,16.858908895589316,16.658782548666352,1.0120132636546713,5.0,True,False
R17,Malaysia,S74I,Coal Bituminous Imports,Coal,2030,16.709696813461626,15.614606002094362,1.0701324651560455,15.0,True,False
R19,Philippines,S26I,Biomass Imports,Biomass,2050,16.660350657921725,22.4519113507723,0.7420459843098679,5.0,True,False
R20,Timor Leste,S26I,Biomass Imports,Biomass,2030,16.658782548666352,16.17368052384838,1.029993298315908,5.0,True,False
R20,Timor Leste,S26I,Biomass Imports,Biomass,2040,16.626370217774337,16.858908895589316,0.9862067777188228,5.0,True,False
R20,Timor Leste,S26I,Biomass Imports,Biomass,2025,16.17368052384838,0.0,inf,5.0,True,False
R11,Thailand,P2831,Gas Combined Cycle,Gas,2050,16.118119845092608,55.77257428032503,0.28899723660018717,15.0,True,False
R12,Myanmar,P2668,Natural Gas,Gas,2035,15.947193961285391,15.389270082889897,1.0362540832274953,15.0,True,False
R20,Timor Leste,S26I,Biomass Imports,Biomass,2045,15.753866092671869,16.626370217774337,0.9475228739842614,5.0,True,False
R17,Malaysia,S74I,Coal Bituminous Imports,Coal,2025,15.614606002094362,0.0,inf,15.0,True,False
R11,Thailand,P2831,Gas Combined Cycle,Gas,2045,15.589574280325031,40.183,0.38796441978759755,15.0,True,False
R13,Laos,S59I,Gasoline Imports,Gas,2060,15.515352115796059,11.438496955843029,1.3564152856525862,15.0,True,False
R12,Myanmar,S26D,Biomass Domestic Production,Biomass,2055,15.409447260899457,13.324446695778525,1.1564793355195384,5.0,True,False
R12,Myanmar,P2668,Natural Gas,Gas,2025,15.389270082889897,0.0,inf,15.0,True,False
R13,Laos,S26D,Biomass Domestic Production,Biomass,2055,15.357530379542547,5.225286617117887,2.939079040991115,5.0,True,False
R12,Myanmar,S26D,Biomass Domestic Production,Biomass,2050,13.324446695778525,2.8904076451417464,4.609884947604022,5.0,True,False
R13,Laos,S26D,Biomass Domestic Production,Biomass,2040,12.519448520579852,11.937819254311485,1.0487215674720745,5.0,True,False
R13,Laos,S26D,Biomass Domestic Production,Biomass,2035,11.937819254311485,11.495527417234848,1.0384751235000773,5.0,True,False
R20,Timor Leste,S26I,Biomass Imports,Biomass,2055,10.814721630402408,10.068740180570279,1.0740888568434466,5.0,True,False
R11,Thailand,S26D,Biomass Domestic Production,Biomass,2035,10.73097041085464,102.23345082059322,0.10496535453631646,5.0,True,False
R1,Indonesia,S26D,Biomass Domestic Production,Biomass,2050,10.166755591852935,8.617054377732284,1.1798411784571423,5.0,True,False
R20,Timor Leste,S26I,Biomass Imports,Biomass,2050,10.068740180570279,15.753866092671869,0.6391282064568198,5.0,True,False
R13,Laos,S26I,Biomass Imports,Biomass,2045,9.077705156136528,0.0,inf,5.0,True,False
R13,Laos,S26I,Biomass Imports,Biomass,2060,9.077705156136528,0.0,inf,5.0,True,False
R1,Indonesia,S26D,Biomass Domestic Production,Biomass,2045,8.617054377732284,3.660673073446033,2.3539535503017435,5.0,True,False
R1,Indonesia,S26D,Biomass Domestic Production,Biomass,2055,8.286723356170327,10.166755591852935,0.8150804139337077,5.0,True,False
R12,Myanmar,S26I,Biomass Imports,Biomass,2035,7.645315233063167,5.591899996779592,1.367212438968177,5.0,True,False
R12,Myanmar,S26D,Biomass Domestic Production,Biomass,2060,7.335295181290048,15.409447260899457,0.47602584681300786,5.0,True,False
R13,Laos,S26I,Biomass Imports,Biomass,2025,6.551362683438155,0.0,inf,5.0,True,False
R13,Laos,S26I,Biomass Imports,Biomass,2050,6.551362683438155,9.077705156136528,0.7216981132075473,5.0,True,False
R1,Indonesia,S26D,Biomass Domestic Production,Biomass,2060,6.537476445747261,8.286723356170327,0.7889097010677242,5.0,True,False
R15,Brunei,S26I,Biomass Imports,Biomass,2025,5.435056465355811,0.0,inf,5.0,True,False
R6,Cambodia,S26D,Biomass Domestic Production,Biomass,2025,5.4098194911903335,0.0,inf,5.0,True,False
R6,Cambodia,S26I,Biomass Imports,Biomass,2035,5.409268532123766,5.7110350827485545,0.9471607955033684,5.0,True,False
R13,Laos,S26D,Biomass Domestic Production,Biomass,2060,5.34930826614014,15.357530379542547,0.34831826041938646,5.0,True,False
R13,Laos,S26D,Biomass Domestic Production,Biomass,2050,5.225286617117887,4.243158677181211,1.2314615159735476,5.0,True,False
R12,Myanmar,S26D,Biomass Domestic Production,Biomass,2030,5.174734195702352,54.35350159156631,0.09520516699342298,5.0,True,False
R6,Cambodia,S26I,Biomass Imports,Biomass,2040,5.129357352256173,5.409268532123766,0.9482534138940787,5.0,True,False
R13,Laos,S59I,Gasoline Imports,Gas,2055,11.438496955843029,1.5212654321688268,7.519067162089836,15.0,False,True
R16,Singapore,S62I,Jet Kerosene Imports,Unclassified,2055,10.28865442473171,1.3667108675798993,7.528040252544655,20.0,False,True
R1,Indonesia,S40I,Ammonia Imports,Unclassified,2055,6.486658592093545,0.5676575651006076,11.427062706270629,20.0,False,True
R11,Thailand,P2653,LNG,Unclassified,2035,5.505384018145824,0.6559479477371953,8.393019655199147,20.0,False,True
R14,Vietnam,S40I,Ammonia Imports,Unclassified,2035,3.2737079785539502,0.1880581651394346,17.407954481139807,20.0,False,True
R19,Philippines,S63I,Kerosene Imports,Unclassified,2040,1.7778910238245533,0.35106528081128646,5.064274711859788,20.0,False,True
R1,Indonesia,S29D,Palm Oil Domestic Production,Unclassified,2030,1.4712227365963046,0.14494503674894696,10.150211208297847,20.0,False,True
R19,Philippines,P2653,LNG,Unclassified,2035,1.3574407077313349,0.1952557245813361,6.952117335570751,20.0,False,True
R12,Myanmar,P2653,LNG,Unclassified,2035,1.2676808808454056,0.1022062736009405,12.403161138571638,20.0,False,True
